program,year,period,weekending,geolevel,state,stateansi,agdistrict,agdistrictcode,county,countyansi,zipcode,region,watershed_code,watershed,commodity,dataitem,domain,domaincategory,value,cv
SURVEY,2001,YEAR,,AGRICULTURAL DISTRICT,ARIZONA,4,"OTHER DISTRICTS, ALL COUNTIES",98,,,,,0,,BARLEY,"BARLEY - PRODUCTION, MEASURED IN BU",TOTAL,NOT SPECIFIED,"39,000",
SURVEY,2001,YEAR,,AGRICULTURAL DISTRICT,ARIZONA,4,SOUTHERN,80,,,,,0,,BARLEY,"BARLEY - PRODUCTION, MEASURED IN BU",TOTAL,NOT SPECIFIED,"4,361,000",
SURVEY,2001,YEAR,,AGRICULTURAL DISTRICT,CALIFORNIA,6,CENTRAL COAST,40,,,,,0,,BARLEY,"BARLEY - PRODUCTION, MEASURED IN BU",TOTAL,NOT SPECIFIED,"1,085,000",
SURVEY,2001,YEAR,,AGRICULTURAL DISTRICT,CALIFORNIA,6,NORTHEAST,30,,,,,0,,BARLEY,"BARLEY - PRODUCTION, MEASURED IN BU",TOTAL,NOT SPECIFIED,"1,098,000",
SURVEY,2001,YEAR,,AGRICULTURAL DISTRICT,CALIFORNIA,6,NORTHERN COAST,10,,,,,0,,BARLEY,"BARLEY - PRODUCTION, MEASURED IN BU",TOTAL,NOT SPECIFIED,"39,000",
SURVEY,2001,YEAR,,AGRICULTURAL DISTRICT,CALIFORNIA,6,SACRAMENTO VALLEY,50,,,,,0,,BARLEY,"BARLEY - PRODUCTION, MEASURED IN BU",TOTAL,NOT SPECIFIED,"502,000",
SURVEY,2001,YEAR,,AGRICULTURAL DISTRICT,CALIFORNIA,6,SAN JOAQUIN VALLEY,51,,,,,0,,BARLEY,"BARLEY - PRODUCTION, MEASURED IN BU",TOTAL,NOT SPECIFIED,"2,253,000",
SURVEY,2001,YEAR,,AGRICULTURAL DISTRICT,CALIFORNIA,6,SIERRA MOUNTAINS,60,,,,,0,,BARLEY,"BARLEY - PRODUCTION, MEASURED IN BU",TOTAL,NOT SPECIFIED,"4,000",
SURVEY,2001,YEAR,,AGRICULTURAL DISTRICT,CALIFORNIA,6,SISKIYOU-SHASTA,20,,,,,0,,BARLEY,"BARLEY - PRODUCTION, MEASURED IN BU",TOTAL,NOT SPECIFIED,"671,000",
SURVEY,2001,YEAR,,AGRICULTURAL DISTRICT,CALIFORNIA,6,SOUTHERN CALIFORNIA,80,,,,,0,,BARLEY,"BARLEY - PRODUCTION, MEASURED IN BU",TOTAL,NOT SPECIFIED,"178,000",
SURVEY,2001,YEAR,,AGRICULTURAL DISTRICT,COLORADO,8,EAST CENTRAL,60,,,,,0,,BARLEY,"BARLEY - PRODUCTION, MEASURED IN BU",TOTAL,NOT SPECIFIED,"75,000",
SURVEY,2001,YEAR,,AGRICULTURAL DISTRICT,COLORADO,8,NORTHEAST,20,,,,,0,,BARLEY,"BARLEY - PRODUCTION, MEASURED IN BU",TOTAL,NOT SPECIFIED,"1,270,000",
SURVEY,2001,YEAR,,AGRICULTURAL DISTRICT,COLORADO,8,NORTHWEST AND MOUNTAIN,10,,,,,0,,BARLEY,"BARLEY - PRODUCTION, MEASURED IN BU",TOTAL,NOT SPECIFIED,"37,000",
SURVEY,2001,YEAR,,AGRICULTURAL DISTRICT,COLORADO,8,SAN LUIS VALLEY,80,,,,,0,,BARLEY,"BARLEY - PRODUCTION, MEASURED IN BU",TOTAL,NOT SPECIFIED,"7,000,000",
SURVEY,2001,YEAR,,AGRICULTURAL DISTRICT,COLORADO,8,SOUTHEAST,90,,,,,0,,BARLEY,"BARLEY - PRODUCTION, MEASURED IN BU",TOTAL,NOT SPECIFIED,"22,000",
SURVEY,2001,YEAR,,AGRICULTURAL DISTRICT,COLORADO,8,SOUTHWEST,70,,,,,0,,BARLEY,"BARLEY - PRODUCTION, MEASURED IN BU",TOTAL,NOT SPECIFIED,"156,000",
SURVEY,2001,YEAR,,AGRICULTURAL DISTRICT,DELAWARE,10,CENTRAL,50,,,,,0,,BARLEY,"BARLEY - PRODUCTION, MEASURED IN BU",TOTAL,NOT SPECIFIED,"1,160,800",
SURVEY,2001,YEAR,,AGRICULTURAL DISTRICT,DELAWARE,10,NORTHERN,20,,,,,0,,BARLEY,"BARLEY - PRODUCTION, MEASURED IN BU",TOTAL,NOT SPECIFIED,"74,800",
SURVEY,2001,YEAR,,AGRICULTURAL DISTRICT,DELAWARE,10,SOUTHERN,80,,,,,0,,BARLEY,"BARLEY - PRODUCTION, MEASURED IN BU",TOTAL,NOT SPECIFIED,"766,400",
SURVEY,2001,YEAR,,AGRICULTURAL DISTRICT,IDAHO,16,EAST,90,,,,,0,,BARLEY,"BARLEY - PRODUCTION, MEASURED IN BU",TOTAL,NOT SPECIFIED,"27,768,000",
SURVEY,2001,YEAR,,AGRICULTURAL DISTRICT,IDAHO,16,NORTH,10,,,,,0,,BARLEY,"BARLEY - PRODUCTION, MEASURED IN BU",TOTAL,NOT SPECIFIED,"5,766,000",
SURVEY,2001,YEAR,,AGRICULTURAL DISTRICT,IDAHO,16,SOUTH CENTRAL,80,,,,,0,,BARLEY,"BARLEY - PRODUCTION, MEASURED IN BU",TOTAL,NOT SPECIFIED,"14,975,000",
SURVEY,2001,YEAR,,AGRICULTURAL DISTRICT,IDAHO,16,SOUTHWEST,70,,,,,0,,BARLEY,"BARLEY - PRODUCTION, MEASURED IN BU",TOTAL,NOT SPECIFIED,"1,741,000",
SURVEY,2001,YEAR,,AGRICULTURAL DISTRICT,KANSAS,20,"OTHER DISTRICTS, ALL COUNTIES",98,,,,,0,,BARLEY,"BARLEY - PRODUCTION, MEASURED IN BU",TOTAL,NOT SPECIFIED,"400,000",
SURVEY,2001,YEAR,,AGRICULTURAL DISTRICT,KENTUCKY,21,MIDWESTERN,20,,,,,0,,BARLEY,"BARLEY - PRODUCTION, MEASURED IN BU",TOTAL,NOT SPECIFIED,"597,350",
SURVEY,2001,YEAR,,AGRICULTURAL DISTRICT,KENTUCKY,21,"OTHER DISTRICTS, ALL COUNTIES",98,,,,,0,,BARLEY,"BARLEY - PRODUCTION, MEASURED IN BU",TOTAL,NOT SPECIFIED,"82,650",
SURVEY,2001,YEAR,,AGRICULTURAL DISTRICT,MARYLAND,24,LOWER EASTERN SHORE,90,,,,,0,,BARLEY,"BARLEY - PRODUCTION, MEASURED IN BU",TOTAL,NOT SPECIFIED,"398,100",
SURVEY,2001,YEAR,,AGRICULTURAL DISTRICT,MARYLAND,24,NORTH CENTRAL,20,,,,,0,,BARLEY,"BARLEY - PRODUCTION, MEASURED IN BU",TOTAL,NOT SPECIFIED,"970,400",
SURVEY,2001,YEAR,,AGRICULTURAL DISTRICT,MARYLAND,24,SOUTHERN,80,,,,,0,,BARLEY,"BARLEY - PRODUCTION, MEASURED IN BU",TOTAL,NOT SPECIFIED,"175,600",
SURVEY,2001,YEAR,,AGRICULTURAL DISTRICT,MARYLAND,24,UPPER EASTERN SHORE,30,,,,,0,,BARLEY,"BARLEY - PRODUCTION, MEASURED IN BU",TOTAL,NOT SPECIFIED,"1,420,800",
SURVEY,2001,YEAR,,AGRICULTURAL DISTRICT,MARYLAND,24,WESTERN,10,,,,,0,,BARLEY,"BARLEY - PRODUCTION, MEASURED IN BU",TOTAL,NOT SPECIFIED,"35,100",
SURVEY,2001,YEAR,,AGRICULTURAL DISTRICT,MICHIGAN,26,CENTRAL,50,,,,,0,,BARLEY,"BARLEY - PRODUCTION, MEASURED IN BU",TOTAL,NOT SPECIFIED,"43,000",
SURVEY,2001,YEAR,,AGRICULTURAL DISTRICT,MICHIGAN,26,EAST CENTRAL,60,,,,,0,,BARLEY,"BARLEY - PRODUCTION, MEASURED IN BU",TOTAL,NOT SPECIFIED,"105,000",
SURVEY,2001,YEAR,,AGRICULTURAL DISTRICT,MICHIGAN,26,NORTHEAST,30,,,,,0,,BARLEY,"BARLEY - PRODUCTION, MEASURED IN BU",TOTAL,NOT SPECIFIED,"130,000",
SURVEY,2001,YEAR,,AGRICULTURAL DISTRICT,MICHIGAN,26,"OTHER DISTRICTS, ALL COUNTIES",98,,,,,0,,BARLEY,"BARLEY - PRODUCTION, MEASURED IN BU",TOTAL,NOT SPECIFIED,"43,000",
SURVEY,2001,YEAR,,AGRICULTURAL DISTRICT,MICHIGAN,26,SOUTH CENTRAL,80,,,,,0,,BARLEY,"BARLEY - PRODUCTION, MEASURED IN BU",TOTAL,NOT SPECIFIED,"37,000",
SURVEY,2001,YEAR,,AGRICULTURAL DISTRICT,MICHIGAN,26,SOUTHEAST,90,,,,,0,,BARLEY,"BARLEY - PRODUCTION, MEASURED IN BU",TOTAL,NOT SPECIFIED,"35,000",
SURVEY,2001,YEAR,,AGRICULTURAL DISTRICT,MICHIGAN,26,SOUTHWEST,70,,,,,0,,BARLEY,"BARLEY - PRODUCTION, MEASURED IN BU",TOTAL,NOT SPECIFIED,"19,000",
SURVEY,2001,YEAR,,AGRICULTURAL DISTRICT,MICHIGAN,26,UPPER PENINSULA,10,,,,,0,,BARLEY,"BARLEY - PRODUCTION, MEASURED IN BU",TOTAL,NOT SPECIFIED,"260,000",
SURVEY,2001,YEAR,,AGRICULTURAL DISTRICT,MINNESOTA,27,CENTRAL,50,,,,,0,,BARLEY,"BARLEY - PRODUCTION, MEASURED IN BU",TOTAL,NOT SPECIFIED,"818,100",
SURVEY,2001,YEAR,,AGRICULTURAL DISTRICT,MINNESOTA,27,EAST CENTRAL,60,,,,,0,,BARLEY,"BARLEY - PRODUCTION, MEASURED IN BU",TOTAL,NOT SPECIFIED,"98,700",
SURVEY,2001,YEAR,,AGRICULTURAL DISTRICT,MINNESOTA,27,NORTH CENTRAL,20,,,,,0,,BARLEY,"BARLEY - PRODUCTION, MEASURED IN BU",TOTAL,NOT SPECIFIED,"147,200",
SURVEY,2001,YEAR,,AGRICULTURAL DISTRICT,MINNESOTA,27,NORTHEAST,30,,,,,0,,BARLEY,"BARLEY - PRODUCTION, MEASURED IN BU",TOTAL,NOT SPECIFIED,"2,700",
SURVEY,2001,YEAR,,AGRICULTURAL DISTRICT,MINNESOTA,27,NORTHWEST,10,,,,,0,,BARLEY,"BARLEY - PRODUCTION, MEASURED IN BU",TOTAL,NOT SPECIFIED,"5,115,800",
SURVEY,2001,YEAR,,AGRICULTURAL DISTRICT,MINNESOTA,27,SOUTH CENTRAL,80,,,,,0,,BARLEY,"BARLEY - PRODUCTION, MEASURED IN BU",TOTAL,NOT SPECIFIED,"46,300",
SURVEY,2001,YEAR,,AGRICULTURAL DISTRICT,MINNESOTA,27,SOUTHEAST,90,,,,,0,,BARLEY,"BARLEY - PRODUCTION, MEASURED IN BU",TOTAL,NOT SPECIFIED,"425,600",
SURVEY,2001,YEAR,,AGRICULTURAL DISTRICT,MINNESOTA,27,SOUTHWEST,70,,,,,0,,BARLEY,"BARLEY - PRODUCTION, MEASURED IN BU",TOTAL,NOT SPECIFIED,"272,400",
SURVEY,2001,YEAR,,AGRICULTURAL DISTRICT,MINNESOTA,27,WEST CENTRAL,40,,,,,0,,BARLEY,"BARLEY - PRODUCTION, MEASURED IN BU",TOTAL,NOT SPECIFIED,"1,048,200",
SURVEY,2001,YEAR,,AGRICULTURAL DISTRICT,MONTANA,30,CENTRAL,50,,,,,0,,BARLEY,"BARLEY - PRODUCTION, MEASURED IN BU",TOTAL,NOT SPECIFIED,"4,967,000",
SURVEY,2001,YEAR,,AGRICULTURAL DISTRICT,MONTANA,30,NORTH CENTRAL,20,,,,,0,,BARLEY,"BARLEY - PRODUCTION, MEASURED IN BU",TOTAL,NOT SPECIFIED,"13,815,000",
SURVEY,2001,YEAR,,AGRICULTURAL DISTRICT,MONTANA,30,NORTHEAST,30,,,,,0,,BARLEY,"BARLEY - PRODUCTION, MEASURED IN BU",TOTAL,NOT SPECIFIED,"2,861,000",
SURVEY,2001,YEAR,,AGRICULTURAL DISTRICT,MONTANA,30,NORTHWEST,10,,,,,0,,BARLEY,"BARLEY - PRODUCTION, MEASURED IN BU",TOTAL,NOT SPECIFIED,"836,000",
SURVEY,2001,YEAR,,AGRICULTURAL DISTRICT,MONTANA,30,SOUTH CENTRAL,80,,,,,0,,BARLEY,"BARLEY - PRODUCTION, MEASURED IN BU",TOTAL,NOT SPECIFIED,"3,853,000",
SURVEY,2001,YEAR,,AGRICULTURAL DISTRICT,MONTANA,30,SOUTHEAST,90,,,,,0,,BARLEY,"BARLEY - PRODUCTION, MEASURED IN BU",TOTAL,NOT SPECIFIED,"914,000",
SURVEY,2001,YEAR,,AGRICULTURAL DISTRICT,MONTANA,30,SOUTHWEST,70,,,,,0,,BARLEY,"BARLEY - PRODUCTION, MEASURED IN BU",TOTAL,NOT SPECIFIED,"2,274,000",
SURVEY,2001,YEAR,,AGRICULTURAL DISTRICT,NEBRASKA,31,NORTHEAST,30,,,,,0,,BARLEY,"BARLEY - PRODUCTION, MEASURED IN BU",TOTAL,NOT SPECIFIED,"83,300",
SURVEY,2001,YEAR,,AGRICULTURAL DISTRICT,NEBRASKA,31,NORTHWEST,10,,,,,0,,BARLEY,"BARLEY - PRODUCTION, MEASURED IN BU",TOTAL,NOT SPECIFIED,"68,800",
SURVEY,2001,YEAR,,AGRICULTURAL DISTRICT,NEBRASKA,31,"OTHER DISTRICTS, ALL COUNTIES",98,,,,,0,,BARLEY,"BARLEY - PRODUCTION, MEASURED IN BU",TOTAL,NOT SPECIFIED,"27,900",
SURVEY,2001,YEAR,,AGRICULTURAL DISTRICT,NEVADA,32,NORTHEAST,30,,,,,0,,BARLEY,"BARLEY - PRODUCTION, MEASURED IN BU",TOTAL,NOT SPECIFIED,"9,000",
SURVEY,2001,YEAR,,AGRICULTURAL DISTRICT,NEVADA,32,NORTHWEST,10,,,,,0,,BARLEY,"BARLEY - PRODUCTION, MEASURED IN BU",TOTAL,NOT SPECIFIED,"81,000",
SURVEY,2001,YEAR,,AGRICULTURAL DISTRICT,NEW JERSEY,34,"OTHER DISTRICTS, ALL COUNTIES",98,,,,,0,,BARLEY,"BARLEY - PRODUCTION, MEASURED IN BU",TOTAL,NOT SPECIFIED,"68,000",
SURVEY,2001,YEAR,,AGRICULTURAL DISTRICT,NEW JERSEY,34,SOUTH,80,,,,,0,,BARLEY,"BARLEY - PRODUCTION, MEASURED IN BU",TOTAL,NOT SPECIFIED,"148,000",
SURVEY,2001,YEAR,,AGRICULTURAL DISTRICT,NEW YORK,36,CENTRAL,50,,,,,0,,BARLEY,"BARLEY - PRODUCTION, MEASURED IN BU",TOTAL,NOT SPECIFIED,"220,300",
SURVEY,2001,YEAR,,AGRICULTURAL DISTRICT,NEW YORK,36,EASTERN,60,,,,,0,,BARLEY,"BARLEY - PRODUCTION, MEASURED IN BU",TOTAL,NOT SPECIFIED,"26,800",
SURVEY,2001,YEAR,,AGRICULTURAL DISTRICT,NEW YORK,36,NORTHERN,20,,,,,0,,BARLEY,"BARLEY - PRODUCTION, MEASURED IN BU",TOTAL,NOT SPECIFIED,"46,400",
SURVEY,2001,YEAR,,AGRICULTURAL DISTRICT,NEW YORK,36,"OTHER DISTRICTS, ALL COUNTIES",98,,,,,0,,BARLEY,"BARLEY - PRODUCTION, MEASURED IN BU",TOTAL,NOT SPECIFIED,"25,100",
SURVEY,2001,YEAR,,AGRICULTURAL DISTRICT,NEW YORK,36,SOUTHERN,80,,,,,0,,BARLEY,"BARLEY - PRODUCTION, MEASURED IN BU",TOTAL,NOT SPECIFIED,"42,500",
SURVEY,2001,YEAR,,AGRICULTURAL DISTRICT,NEW YORK,36,SOUTHWEST,70,,,,,0,,BARLEY,"BARLEY - PRODUCTION, MEASURED IN BU",TOTAL,NOT SPECIFIED,"62,400",
SURVEY,2001,YEAR,,AGRICULTURAL DISTRICT,NEW YORK,36,WESTERN,40,,,,,0,,BARLEY,"BARLEY - PRODUCTION, MEASURED IN BU",TOTAL,NOT SPECIFIED,"188,500",
SURVEY,2001,YEAR,,AGRICULTURAL DISTRICT,NORTH CAROLINA,37,CENTRAL COASTAL,80,,,,,0,,BARLEY,"BARLEY - PRODUCTION, MEASURED IN BU",TOTAL,NOT SPECIFIED,"9,000",
SURVEY,2001,YEAR,,AGRICULTURAL DISTRICT,NORTH CAROLINA,37,CENTRAL PIEDMONT,50,,,,,0,,BARLEY,"BARLEY - PRODUCTION, MEASURED IN BU",TOTAL,NOT SPECIFIED,"488,300",
SURVEY,2001,YEAR,,AGRICULTURAL DISTRICT,NORTH CAROLINA,37,NORTHERN COASTAL,70,,,,,0,,BARLEY,"BARLEY - PRODUCTION, MEASURED IN BU",TOTAL,NOT SPECIFIED,"16,400",
SURVEY,2001,YEAR,,AGRICULTURAL DISTRICT,NORTH CAROLINA,37,NORTHERN MOUNTAIN,10,,,,,0,,BARLEY,"BARLEY - PRODUCTION, MEASURED IN BU",TOTAL,NOT SPECIFIED,"222,000",
SURVEY,2001,YEAR,,AGRICULTURAL DISTRICT,NORTH CAROLINA,37,NORTHERN PIEDMONT,40,,,,,0,,BARLEY,"BARLEY - PRODUCTION, MEASURED IN BU",TOTAL,NOT SPECIFIED,"102,700",
SURVEY,2001,YEAR,,AGRICULTURAL DISTRICT,NORTH CAROLINA,37,SOUTHERN COASTAL,90,,,,,0,,BARLEY,"BARLEY - PRODUCTION, MEASURED IN BU",TOTAL,NOT SPECIFIED,"75,400",
SURVEY,2001,YEAR,,AGRICULTURAL DISTRICT,NORTH CAROLINA,37,SOUTHERN PIEDMONT,60,,,,,0,,BARLEY,"BARLEY - PRODUCTION, MEASURED IN BU",TOTAL,NOT SPECIFIED,"275,200",
SURVEY,2001,YEAR,,AGRICULTURAL DISTRICT,NORTH CAROLINA,37,WESTERN MOUNTAIN,20,,,,,0,,BARLEY,"BARLEY - PRODUCTION, MEASURED IN BU",TOTAL,NOT SPECIFIED,"17,000",
SURVEY,2001,YEAR,,AGRICULTURAL DISTRICT,NORTH DAKOTA,38,CENTRAL,50,,,,,0,,BARLEY,"BARLEY - PRODUCTION, MEASURED IN BU",TOTAL,NOT SPECIFIED,"10,710,000",
SURVEY,2001,YEAR,,AGRICULTURAL DISTRICT,NORTH DAKOTA,38,EAST CENTRAL,60,,,,,0,,BARLEY,"BARLEY - PRODUCTION, MEASURED IN BU",TOTAL,NOT SPECIFIED,"6,170,000",
SURVEY,2001,YEAR,,AGRICULTURAL DISTRICT,NORTH DAKOTA,38,NORTH CENTRAL,20,,,,,0,,BARLEY,"BARLEY - PRODUCTION, MEASURED IN BU",TOTAL,NOT SPECIFIED,"15,370,000",
SURVEY,2001,YEAR,,AGRICULTURAL DISTRICT,NORTH DAKOTA,38,NORTHEAST,30,,,,,0,,BARLEY,"BARLEY - PRODUCTION, MEASURED IN BU",TOTAL,NOT SPECIFIED,"12,860,000",
SURVEY,2001,YEAR,,AGRICULTURAL DISTRICT,NORTH DAKOTA,38,NORTHWEST,10,,,,,0,,BARLEY,"BARLEY - PRODUCTION, MEASURED IN BU",TOTAL,NOT SPECIFIED,"14,690,000",
SURVEY,2001,YEAR,,AGRICULTURAL DISTRICT,NORTH DAKOTA,38,SOUTH CENTRAL,80,,,,,0,,BARLEY,"BARLEY - PRODUCTION, MEASURED IN BU",TOTAL,NOT SPECIFIED,"5,240,000",
SURVEY,2001,YEAR,,AGRICULTURAL DISTRICT,NORTH DAKOTA,38,SOUTHEAST,90,,,,,0,,BARLEY,"BARLEY - PRODUCTION, MEASURED IN BU",TOTAL,NOT SPECIFIED,"4,340,000",
SURVEY,2001,YEAR,,AGRICULTURAL DISTRICT,NORTH DAKOTA,38,SOUTHWEST,70,,,,,0,,BARLEY,"BARLEY - PRODUCTION, MEASURED IN BU",TOTAL,NOT SPECIFIED,"3,750,000",
SURVEY,2001,YEAR,,AGRICULTURAL DISTRICT,NORTH DAKOTA,38,WEST CENTRAL,40,,,,,0,,BARLEY,"BARLEY - PRODUCTION, MEASURED IN BU",TOTAL,NOT SPECIFIED,"6,620,000",
SURVEY,2001,YEAR,,AGRICULTURAL DISTRICT,OREGON,41,NORTH CENTRAL,20,,,,,0,,BARLEY,"BARLEY - PRODUCTION, MEASURED IN BU",TOTAL,NOT SPECIFIED,"1,283,200",
SURVEY,2001,YEAR,,AGRICULTURAL DISTRICT,OREGON,41,NORTHEAST,30,,,,,0,,BARLEY,"BARLEY - PRODUCTION, MEASURED IN BU",TOTAL,NOT SPECIFIED,"1,180,700",
SURVEY,2001,YEAR,,AGRICULTURAL DISTRICT,OREGON,41,NORTHWEST,10,,,,,0,,BARLEY,"BARLEY - PRODUCTION, MEASURED IN BU",TOTAL,NOT SPECIFIED,"122,100",
SURVEY,2001,YEAR,,AGRICULTURAL DISTRICT,OREGON,41,"OTHER DISTRICTS, ALL COUNTIES",98,,,,,0,,BARLEY,"BARLEY - PRODUCTION, MEASURED IN BU",TOTAL,NOT SPECIFIED,"57,000",
SURVEY,2001,YEAR,,AGRICULTURAL DISTRICT,OREGON,41,SOUTHEAST,80,,,,,0,,BARLEY,"BARLEY - PRODUCTION, MEASURED IN BU",TOTAL,NOT SPECIFIED,"1,796,500",
SURVEY,2001,YEAR,,AGRICULTURAL DISTRICT,OREGON,41,SOUTHWEST,70,,,,,0,,BARLEY,"BARLEY - PRODUCTION, MEASURED IN BU",TOTAL,NOT SPECIFIED,"60,500",
SURVEY,2001,YEAR,,AGRICULTURAL DISTRICT,PENNSYLVANIA,42,CENTRAL,50,,,,,0,,BARLEY,"BARLEY - PRODUCTION, MEASURED IN BU",TOTAL,NOT SPECIFIED,"715,900",
SURVEY,2001,YEAR,,AGRICULTURAL DISTRICT,PENNSYLVANIA,42,EAST CENTRAL,60,,,,,0,,BARLEY,"BARLEY - PRODUCTION, MEASURED IN BU",TOTAL,NOT SPECIFIED,"172,500",
SURVEY,2001,YEAR,,AGRICULTURAL DISTRICT,PENNSYLVANIA,42,NORTH CENTRAL,20,,,,,0,,BARLEY,"BARLEY - PRODUCTION, MEASURED IN BU",TOTAL,NOT SPECIFIED,"82,300",
SURVEY,2001,YEAR,,AGRICULTURAL DISTRICT,PENNSYLVANIA,42,NORTHWESTERN,10,,,,,0,,BARLEY,"BARLEY - PRODUCTION, MEASURED IN BU",TOTAL,NOT SPECIFIED,"61,000",
SURVEY,2001,YEAR,,AGRICULTURAL DISTRICT,PENNSYLVANIA,42,SOUTH CENTRAL,80,,,,,0,,BARLEY,"BARLEY - PRODUCTION, MEASURED IN BU",TOTAL,NOT SPECIFIED,"1,302,000",
SURVEY,2001,YEAR,,AGRICULTURAL DISTRICT,PENNSYLVANIA,42,SOUTHEASTERN,90,,,,,0,,BARLEY,"BARLEY - PRODUCTION, MEASURED IN BU",TOTAL,NOT SPECIFIED,"1,378,100",
SURVEY,2001,YEAR,,AGRICULTURAL DISTRICT,PENNSYLVANIA,42,SOUTHWESTERN,70,,,,,0,,BARLEY,"BARLEY - PRODUCTION, MEASURED IN BU",TOTAL,NOT SPECIFIED,"254,500",
SURVEY,2001,YEAR,,AGRICULTURAL DISTRICT,PENNSYLVANIA,42,WEST CENTRAL,40,,,,,0,,BARLEY,"BARLEY - PRODUCTION, MEASURED IN BU",TOTAL,NOT SPECIFIED,"233,700",
SURVEY,2001,YEAR,,AGRICULTURAL DISTRICT,SOUTH DAKOTA,46,CENTRAL,50,,,,,0,,BARLEY,"BARLEY - PRODUCTION, MEASURED IN BU",TOTAL,NOT SPECIFIED,"199,000",
SURVEY,2001,YEAR,,AGRICULTURAL DISTRICT,SOUTH DAKOTA,46,EAST CENTRAL,60,,,,,0,,BARLEY,"BARLEY - PRODUCTION, MEASURED IN BU",TOTAL,NOT SPECIFIED,"89,000",
SURVEY,2001,YEAR,,AGRICULTURAL DISTRICT,SOUTH DAKOTA,46,NORTH CENTRAL,20,,,,,0,,BARLEY,"BARLEY - PRODUCTION, MEASURED IN BU",TOTAL,NOT SPECIFIED,"1,593,000",
SURVEY,2001,YEAR,,AGRICULTURAL DISTRICT,SOUTH DAKOTA,46,NORTHEAST,30,,,,,0,,BARLEY,"BARLEY - PRODUCTION, MEASURED IN BU",TOTAL,NOT SPECIFIED,"690,000",
SURVEY,2001,YEAR,,AGRICULTURAL DISTRICT,SOUTH DAKOTA,46,NORTHWEST,10,,,,,0,,BARLEY,"BARLEY - PRODUCTION, MEASURED IN BU",TOTAL,NOT SPECIFIED,"1,154,000",
SURVEY,2001,YEAR,,AGRICULTURAL DISTRICT,SOUTH DAKOTA,46,SOUTH CENTRAL,80,,,,,0,,BARLEY,"BARLEY - PRODUCTION, MEASURED IN BU",TOTAL,NOT SPECIFIED,"50,000",
SURVEY,2001,YEAR,,AGRICULTURAL DISTRICT,SOUTH DAKOTA,46,SOUTHEAST,90,,,,,0,,BARLEY,"BARLEY - PRODUCTION, MEASURED IN BU",TOTAL,NOT SPECIFIED,"47,000",
SURVEY,2001,YEAR,,AGRICULTURAL DISTRICT,SOUTH DAKOTA,46,SOUTHWEST,70,,,,,0,,BARLEY,"BARLEY - PRODUCTION, MEASURED IN BU",TOTAL,NOT SPECIFIED,"136,000",
SURVEY,2001,YEAR,,AGRICULTURAL DISTRICT,SOUTH DAKOTA,46,WEST CENTRAL,40,,,,,0,,BARLEY,"BARLEY - PRODUCTION, MEASURED IN BU",TOTAL,NOT SPECIFIED,"98,000",
SURVEY,2001,YEAR,,AGRICULTURAL DISTRICT,UTAH,49,CENTRAL,50,,,,,0,,BARLEY,"BARLEY - PRODUCTION, MEASURED IN BU",TOTAL,NOT SPECIFIED,"1,746,000",
SURVEY,2001,YEAR,,AGRICULTURAL DISTRICT,UTAH,49,EASTERN,60,,,,,0,,BARLEY,"BARLEY - PRODUCTION, MEASURED IN BU",TOTAL,NOT SPECIFIED,"243,500",
SURVEY,2001,YEAR,,AGRICULTURAL DISTRICT,UTAH,49,NORTHERN,10,,,,,0,,BARLEY,"BARLEY - PRODUCTION, MEASURED IN BU",TOTAL,NOT SPECIFIED,"2,048,000",
SURVEY,2001,YEAR,,AGRICULTURAL DISTRICT,UTAH,49,SOUTHERN,70,,,,,0,,BARLEY,"BARLEY - PRODUCTION, MEASURED IN BU",TOTAL,NOT SPECIFIED,"382,500",
SURVEY,2001,YEAR,,AGRICULTURAL DISTRICT,VIRGINIA,51,CENTRAL,50,,,,,0,,BARLEY,"BARLEY - PRODUCTION, MEASURED IN BU",TOTAL,NOT SPECIFIED,"923,000",
SURVEY,2001,YEAR,,AGRICULTURAL DISTRICT,VIRGINIA,51,EASTERN,60,,,,,0,,BARLEY,"BARLEY - PRODUCTION, MEASURED IN BU",TOTAL,NOT SPECIFIED,"2,115,000",
SURVEY,2001,YEAR,,AGRICULTURAL DISTRICT,VIRGINIA,51,NORTHERN,20,,,,,0,,BARLEY,"BARLEY - PRODUCTION, MEASURED IN BU",TOTAL,NOT SPECIFIED,"390,000",
SURVEY,2001,YEAR,,AGRICULTURAL DISTRICT,VIRGINIA,51,SOUTHEASTERN,90,,,,,0,,BARLEY,"BARLEY - PRODUCTION, MEASURED IN BU",TOTAL,NOT SPECIFIED,"89,000",
SURVEY,2001,YEAR,,AGRICULTURAL DISTRICT,VIRGINIA,51,SOUTHERN,80,,,,,0,,BARLEY,"BARLEY - PRODUCTION, MEASURED IN BU",TOTAL,NOT SPECIFIED,"90,000",
SURVEY,2001,YEAR,,AGRICULTURAL DISTRICT,VIRGINIA,51,SOUTHWESTERN,70,,,,,0,,BARLEY,"BARLEY - PRODUCTION, MEASURED IN BU",TOTAL,NOT SPECIFIED,"30,000",
SURVEY,2001,YEAR,,AGRICULTURAL DISTRICT,VIRGINIA,51,WESTERN,40,,,,,0,,BARLEY,"BARLEY - PRODUCTION, MEASURED IN BU",TOTAL,NOT SPECIFIED,"113,000",
SURVEY,2001,YEAR,,AGRICULTURAL DISTRICT,WASHINGTON,53,CENTRAL,20,,,,,0,,BARLEY,"BARLEY - PRODUCTION, MEASURED IN BU",TOTAL,NOT SPECIFIED,"165,000",
SURVEY,2001,YEAR,,AGRICULTURAL DISTRICT,WASHINGTON,53,EAST CENTRAL,50,,,,,0,,BARLEY,"BARLEY - PRODUCTION, MEASURED IN BU",TOTAL,NOT SPECIFIED,"5,390,000",
SURVEY,2001,YEAR,,AGRICULTURAL DISTRICT,WASHINGTON,53,NORTHEAST,30,,,,,0,,BARLEY,"BARLEY - PRODUCTION, MEASURED IN BU",TOTAL,NOT SPECIFIED,"2,170,000",
SURVEY,2001,YEAR,,AGRICULTURAL DISTRICT,WASHINGTON,53,SOUTHEAST,90,,,,,0,,BARLEY,"BARLEY - PRODUCTION, MEASURED IN BU",TOTAL,NOT SPECIFIED,"13,010,000",
SURVEY,2001,YEAR,,AGRICULTURAL DISTRICT,WASHINGTON,53,WESTERN,10,,,,,0,,BARLEY,"BARLEY - PRODUCTION, MEASURED IN BU",TOTAL,NOT SPECIFIED,"265,000",
SURVEY,2001,YEAR,,AGRICULTURAL DISTRICT,WISCONSIN,55,CENTRAL,50,,,,,0,,BARLEY,"BARLEY - PRODUCTION, MEASURED IN BU",TOTAL,NOT SPECIFIED,"65,800",
SURVEY,2001,YEAR,,AGRICULTURAL DISTRICT,WISCONSIN,55,EAST CENTRAL,60,,,,,0,,BARLEY,"BARLEY - PRODUCTION, MEASURED IN BU",TOTAL,NOT SPECIFIED,"314,400",
SURVEY,2001,YEAR,,AGRICULTURAL DISTRICT,WISCONSIN,55,NORTH CENTRAL,20,,,,,0,,BARLEY,"BARLEY - PRODUCTION, MEASURED IN BU",TOTAL,NOT SPECIFIED,"419,700",
SURVEY,2001,YEAR,,AGRICULTURAL DISTRICT,WISCONSIN,55,NORTHEAST,30,,,,,0,,BARLEY,"BARLEY - PRODUCTION, MEASURED IN BU",TOTAL,NOT SPECIFIED,"93,700",
SURVEY,2001,YEAR,,AGRICULTURAL DISTRICT,WISCONSIN,55,NORTHWEST,10,,,,,0,,BARLEY,"BARLEY - PRODUCTION, MEASURED IN BU",TOTAL,NOT SPECIFIED,"250,900",
SURVEY,2001,YEAR,,AGRICULTURAL DISTRICT,WISCONSIN,55,SOUTH CENTRAL,80,,,,,0,,BARLEY,"BARLEY - PRODUCTION, MEASURED IN BU",TOTAL,NOT SPECIFIED,"106,200",
SURVEY,2001,YEAR,,AGRICULTURAL DISTRICT,WISCONSIN,55,SOUTHEAST,90,,,,,0,,BARLEY,"BARLEY - PRODUCTION, MEASURED IN BU",TOTAL,NOT SPECIFIED,"80,800",
SURVEY,2001,YEAR,,AGRICULTURAL DISTRICT,WISCONSIN,55,SOUTHWEST,70,,,,,0,,BARLEY,"BARLEY - PRODUCTION, MEASURED IN BU",TOTAL,NOT SPECIFIED,"208,400",
SURVEY,2001,YEAR,,AGRICULTURAL DISTRICT,WISCONSIN,55,WEST CENTRAL,40,,,,,0,,BARLEY,"BARLEY - PRODUCTION, MEASURED IN BU",TOTAL,NOT SPECIFIED,"280,100",
SURVEY,2001,YEAR,,AGRICULTURAL DISTRICT,WYOMING,56,NORTHWEST,10,,,,,0,,BARLEY,"BARLEY - PRODUCTION, MEASURED IN BU",TOTAL,NOT SPECIFIED,"5,517,000",
SURVEY,2001,YEAR,,AGRICULTURAL DISTRICT,WYOMING,56,"OTHER DISTRICTS, ALL COUNTIES",98,,,,,0,,BARLEY,"BARLEY - PRODUCTION, MEASURED IN BU",TOTAL,NOT SPECIFIED,"184,500",
SURVEY,2001,YEAR,,AGRICULTURAL DISTRICT,WYOMING,56,SOUTHEAST,50,,,,,0,,BARLEY,"BARLEY - PRODUCTION, MEASURED IN BU",TOTAL,NOT SPECIFIED,"783,000",
SURVEY,2001,YEAR,,AGRICULTURAL DISTRICT,WYOMING,56,WEST,30,,,,,0,,BARLEY,"BARLEY - PRODUCTION, MEASURED IN BU",TOTAL,NOT SPECIFIED,"485,500",
